Name,Review
UTS Library,5|Great facilities across multiple floors with proper quiet zones that people actually respect
UTS Library,4|Always clean and well maintained — the staff do a good job keeping it that way
UTS Library,5|Plenty of power outlets and the wifi is reliable even during peak hours
UTS Library,4|Good mix of group study rooms and individual spaces depending on what you need
UTS Library,4|The upper floors have a great view of the city which makes long study sessions slightly more bearable
UTS Library,3|Printing is cheap and the machines actually work most of the time which puts it ahead of most places
UTS Library,3|Can get busy during exam season but you can usually still find a spot if you come early
UTS Library,5|One of the better university libraries in Sydney — modern, well stocked and easy to navigate
UTS Library,4|The quiet floors are genuinely quiet which sounds obvious but is surprisingly rare
UTS Library,5|Stayed here until close during finals week and the staff were helpful the whole time — solid library overall
Cornerstone Café UTS,5|Great coffee and a perfect spot to study between classes
Cornerstone Café UTS,4|Friendly staff and fast service even during busy hours
Noelle's Café,5|Absolutely stunning coffee and the atmosphere is so warm
Noelle's Café,5|Best café in the area hands down — the food is amazing too
Mr Jones Café,3|Lively spot with great coffee but can get loud during peak hours
Mr Jones Café,4|Love the vibe here even if it gets a bit noisy
Café Cre Asion,5|Exceptional espresso and the pastries are always fresh
Café Cre Asion,4|Tiny space but the coffee makes it worth the wait
Knock Specialty Coffee,5|One of the best flat whites I have had in Sydney
Knock Specialty Coffee,5|Excellent single origin options and knowledgeable baristas
The University of Notre Dame Australia Library,5|Very peaceful and well-resourced for study sessions
The University of Notre Dame Australia Library,4|Clean facilities and plenty of power outlets available
The University of Notre Dame Australia Library,4|Great study environment with helpful staff
Darling Square Library,3|Modern building with a great location near the city
Darling Square Library,3|Can get a bit noisy on weekends but good for casual study
Waterloo Library,4|Quiet and well-organised with a good collection
Waterloo Library,5|Underrated gem — never too crowded and always clean
Single O Surry Hills,5|One of Sydney's iconic specialty coffee destinations
Single O Surry Hills,4|Consistently excellent brews and great pastries to match
Surry Hills Library,4|Always calm and a great place to get work done
Surry Hills Library,4|Friendly staff and a solid selection of resources
Artificer Coffee,5|Some of the most carefully crafted coffee in the city
Artificer Coffee,5|Quiet and relaxed — perfect if you want to focus while you drink
Artificer Coffee,5|The filter coffee here is outstanding every single time
Paramount Coffee Project,4|Buzzy atmosphere and the food menu is just as strong as the coffee
Paramount Coffee Project,4|A go-to spot in Surry Hills for quality brunch and great espresso
Sample Coffee Surry Hills,4|Reliable and consistent — always a solid cup here
Sample Coffee Surry Hills,3|Nice low-key space to sit and work for a while
Gumption by Coffee Alchemy,5|Fantastic coffee in a cosy laneway setting
Gumption by Coffee Alchemy,4|Always a queue but absolutely worth the wait
Customs House Library,5|Beautiful heritage building with a surprisingly good study atmosphere
Customs House Library,4|Love coming here after work — calm and centrally located
Customs House Library,5|Great free resource right in the heart of the CBD
State Library of NSW,5|World-class facility with stunning reading rooms
State Library of NSW,5|Incredible architecture and one of the best study environments in Sydney
State Library of NSW,5|The Mitchell Reading Room alone is worth the visit
Fisher Library USYD,4|Huge library with everything you could need for research
Fisher Library USYD,3|Can get busy during exam season but facilities are excellent
Newtown Library,4|Cosy community library with a friendly local feel
Newtown Library,4|Perfect for a quiet afternoon of reading or study
Glebe Library,4|Small but charming — great for a focused study session
Glebe Library,3|Lovely neighbourhood library with a welcoming atmosphere
Kings Cross Library,3|Convenient location and always fairly quiet inside
Kings Cross Library,4|Good range of resources and comfortable seating
Paddington Library,4|Nice local library in a beautiful part of the city
Paddington Library,3|Well maintained and rarely overcrowded
Ultimo Library,3|Handy for students in the area and usually pretty quiet
Ultimo Library,3|Small but functional — does the job well
Haymarket Library,3|Central location makes it easy to drop into
Haymarket Library,2|Decent space for study though it can get busy midday
Mecca Coffee CBD,4|Reliably great coffee in a convenient CBD location
Mecca Coffee CBD,4|Smooth espresso and quick service for busy mornings
Room Ten,5|Tiny laneway café with some of the best coffee downtown
Room Ten,4|No seating but the coffee is so good you won't mind standing
Edition Roasters Darling Square,5|Beautifully designed space with excellent specialty coffee
Edition Roasters Darling Square,4|Great for working — good wifi and plenty of seats
Edition Roasters Wynyard,4|Fantastic pre-work coffee stop right near Wynyard station
Edition Roasters Wynyard,4|Consistently good and the staff are always welcoming
Skittle Lane Coffee,4|Charming café with great coffee and a relaxed vibe
Skittle Lane Coffee,3|Lovely spot near Newtown with friendly service
Campos Coffee Newtown,5|A Sydney institution — the coffee is always on point
Campos Coffee Newtown,4|Lively atmosphere and the staff really know their craft
Glee Coffee Newtown,4|Great local café with solid espresso and good food options
Glee Coffee Newtown,4|Always a pleasant experience — good energy in the space
Brewtown Newtown,4|Excellent brunch destination with quality coffee to match
Brewtown Newtown,3|Can get crowded on weekends but the food and coffee are worth it
Two Chaps Marrickville,5|Wonderful neighbourhood café with creative food and great coffee
Two Chaps Marrickville,5|The pastries are exceptional and the coffee is always dialled in
The Grounds of Alexandria,4|Magical setting with beautiful gardens and great food
The Grounds of Alexandria,3|Very busy on weekends but the experience is unlike anywhere else
The Grounds of Alexandria,4|A must-visit destination — just go early to beat the crowds
Primary Coffee Roasters Potts Point,5|Outstanding specialty coffee in a calm and quiet setting
Primary Coffee Roasters Potts Point,4|One of the best kept secrets in Potts Point
Celsius Coffee Co Kirribilli,5|Stunning harbour views and excellent coffee to go with them
Celsius Coffee Co Kirribilli,4|A perfect spot to relax with a great flat white
Outta Coffee Haymarket,4|Great quality coffee at a very convenient central location
Outta Coffee Haymarket,4|Friendly staff and a surprisingly quiet space for the area
Dukes Coffee Barangaroo,3|Solid coffee with a great waterfront location
Dukes Coffee Barangaroo,4|Quick and reliable — perfect for a morning stop
South Coffee Barangaroo,3|Good coffee and a nice spot to catch a break near the water
South Coffee Barangaroo,3|Relaxed atmosphere and consistent quality
Regiment Coffee,4|Strong espresso and a no-frills approach that works really well
Regiment Coffee,3|Popular with the CBD crowd — always busy but fast service
Proudly Ordinary Chippendale,5|Anything but ordinary — exceptional coffee and great staff
Proudly Ordinary Chippendale,5|Love the vibe here — calm and unpretentious with great brews
Coffee Alchemy Marrickville,5|World-renowned for a reason — some of the best coffee in Australia
Coffee Alchemy Marrickville,5|A pilgrimage destination for coffee lovers — never disappoints
Coffee Alchemy Marrickville,5|The attention to detail here is unmatched — every cup is perfect
Marrickville Library,4|Great community library serving a vibrant local area
Marrickville Library,3|Well stocked and always a pleasant place to study
Dulwich Hill Library,4|Quiet and welcoming — a great local resource
Dulwich Hill Library,3|Nice neighbourhood library that never gets too crowded
Balmain Library,4|Charming historic building with a lovely community atmosphere
Balmain Library,5|One of the nicer libraries in the inner west — very peaceful
Leichhardt Library,3|Good local library with friendly staff and quiet study areas
Leichhardt Library,4|Convenient and well maintained — great for a focused session
Ashfield Library,3|Solid local library with good facilities and helpful staff
Ashfield Library,3|Always quiet and a reliable study spot in the area
Redfern Library,2|Convenient and functional — does what you need it to
Redfern Library,3|Good location and usually pretty calm inside
Green Square Library,5|Modern and beautifully designed — one of the best new libraries in Sydney
Green Square Library,5|Excellent facilities and a great atmosphere for study
Green Square Library,4|Impressive space that the community clearly loves
Erskineville Library,4|Small and cosy with a real neighbourhood feel
Erskineville Library,3|Friendly staff and a peaceful place to read or study
Barefoot Coffee Manly,5|Incredible beachside coffee experience with great views nearby
Barefoot Coffee Manly,4|Worth the trip to Manly just for the coffee
Rollers Bakehouse Newtown,5|The pastries are absolutely world class and the coffee matches
Rollers Bakehouse Newtown,4|Always a queue but the baked goods alone justify the wait
Three Williams Redfern,4|Consistently great brunch spot with excellent specialty coffee
Three Williams Redfern,5|Lovely space and the staff are always warm and welcoming
Rustic Canteen Chippendale,3|Good food and coffee in a relaxed Chippendale setting
Rustic Canteen Chippendale,4|Nice spot for a working lunch or a quiet afternoon coffee
Hitch Espresso Pyrmont,4|Great neighbourhood café with reliable and tasty coffee
Hitch Espresso Pyrmont,3|Friendly local vibe and solid espresso every time
Pyrmont Library,3|Convenient for the local area and usually very quiet
Pyrmont Library,2|Good small library — well maintained and welcoming
Stump Coffee Glebe,4|Lovely relaxed café perfect for a slow morning in Glebe
Stump Coffee Glebe,5|Great coffee and the staff are always genuinely friendly
Sanguine Espresso Glebe,5|One of the quietest and most pleasant cafés in the inner west
Sanguine Espresso Glebe,4|Exceptional coffee and a wonderfully calm atmosphere
Madame Souffle Rozelle,4|Delicious food and great coffee in a charming Rozelle setting
Madame Souffle Rozelle,5|Lovely café with a warm and welcoming feel
Rozelle Library,4|Quiet and well-resourced — a hidden gem in the inner west
Rozelle Library,3|Very peaceful and the staff are always helpful
The Reformatory Chippendale,5|Stylish space with excellent coffee and a great working atmosphere
The Reformatory Chippendale,4|Love coming here to work — good wifi and great brews
Reuben Hills Surry Hills,5|A Sydney institution for specialty coffee and South American food
Reuben Hills Surry Hills,4|Always buzzing with energy and the coffee is consistently excellent
Mecca Coffee Surry Hills,4|Reliable quality and a great spot in the heart of Surry Hills
Mecca Coffee Surry Hills,3|Good coffee and a comfortable space to sit and work
Faculty of Arts Library USYD,4|Quiet and well equipped for arts and humanities research
Faculty of Arts Library USYD,3|Great study space that is often less busy than Fisher Library
UNSW Library,5|Excellent research facilities and a great study environment
UNSW Library,4|Very well resourced and the staff are always helpful
UNSW Library,5|One of the best university libraries in Sydney — highly recommended
Kensington Library,3|Convenient local library with a calm atmosphere
Kensington Library,2|Good neighbourhood resource close to UNSW
Randwick Library,4|Well maintained and a great place for a quiet study session
Randwick Library,3|Friendly staff and a solid local library overall
Coogee Library,3|Small but charming with a relaxed beachside community feel
Coogee Library,4|A lovely local library — never too crowded and always peaceful
Bare Espresso Coogee,4|Great coffee after a beach walk — a wonderful combination
Bare Espresso Coogee,3|Friendly neighbourhood café with consistently good espresso
Short Stop Coffee Bondi,5|Exceptional coffee right near the beach — what more could you want
Short Stop Coffee Bondi,4|Tiny spot but the coffee is seriously impressive
Bondi Library,3|Great location and a solid study space for the area
Bondi Library,4|Well maintained and usually quiet enough for focused work
Skittle Lane Bondi,4|A reliable Bondi coffee stop with quality brews and friendly service
Skittle Lane Bondi,3|Great addition to the Bondi café scene — consistently good
Waverley Library,5|One of the better suburban libraries — modern and well equipped
Waverley Library,4|Great facilities and a genuinely peaceful study environment
Ampersand Cafe Bookstore Paddington,5|A book lovers dream — great coffee surrounded by great reads
Ampersand Cafe Bookstore Paddington,5|Wonderfully quiet and atmospheric — perfect for a long afternoon
Harpo's Espresso Paddington,3|Solid neighbourhood café with good coffee and a relaxed feel
Harpo's Espresso Paddington,4|Great stop in Paddington for a quick and quality espresso
Longlina Coffee Darlinghurst,5|Exceptionally quiet for a city café — great for solo work
Longlina Coffee Darlinghurst,4|Superb coffee and one of the most relaxing spots in Darlinghurst
Balmoral Espresso Mosman,4|Beautiful setting near the water with excellent coffee
Balmoral Espresso Mosman,5|A real treat — great coffee in one of Sydney's most scenic spots
Mosman Library,5|Lovely library in a beautiful part of Sydney — always calm
Mosman Library,4|Well resourced and a genuinely pleasant place to spend time
Neutral Bay Library,3|Good local library with a quiet and welcoming atmosphere
Neutral Bay Library,3|Reliable community resource — well maintained and friendly staff
Willoughby Library,4|Well equipped and a great study space on the north shore
Willoughby Library,4|Clean and calm — one of the better libraries in the area
Chatswood Library,4|Excellent facilities and conveniently located in the Chatswood CBD
Chatswood Library,3|Great library for study with good resources and quiet areas
Batch Espresso Crows Nest,5|Fantastic coffee and a lively neighbourhood atmosphere
Batch Espresso Crows Nest,4|One of the best cafés on the north shore — always delivers
North Sydney Library,3|Great central library with solid resources for the area
North Sydney Library,4|Convenient location and usually a calm study environment
Incognito Espresso North Sydney,5|A real hidden gem — outstanding coffee tucked away in North Sydney
Incognito Espresso North Sydney,5|Brilliant espresso and the staff clearly love what they do
Stir Espresso Lane Cove,4|Lovely village café feel with quality coffee and friendly service
Stir Espresso Lane Cove,3|Great local spot — consistently good and always welcoming
Lane Cove Library,4|Charming library in a lovely suburb — quiet and well maintained
Lane Cove Library,4|Great community resource with helpful staff and good facilities
Stranded Coffee Annandale,5|One of the quietest and most characterful cafés in the inner west
Stranded Coffee Annandale,5|Exceptional coffee and a beautifully calm atmosphere
Annandale Library,3|Small but lovely — a great neighbourhood library
Annandale Library,3|Peaceful and well kept with a real community feel
Rosebery Specialty Coffee,4|Quality specialty coffee in an up and coming part of Sydney
Rosebery Specialty Coffee,4|Great beans and a knowledgeable team — well worth seeking out
Zetland Library,3|Modern and functional — a good study option in the area
Zetland Library,2|Convenient for Green Square residents and usually quiet
Bearded Tit Redfern,4|Eclectic and fun space with good coffee and a great community vibe
Bearded Tit Redfern,3|Lively and interesting — not for quiet study but great for the atmosphere
Cornersmith Marrickville,5|Wonderful community café focused on sustainability and great flavour
Cornersmith Marrickville,4|The food ethos here is inspiring and the coffee is excellent too
Ghostwriter Coffee,5|Incredibly quiet and atmospheric — perfect for deep focus
Ghostwriter Coffee,5|Outstanding coffee and one of the most underrated spots in the CBD
Vintage Espresso Newtown,3|Reliable neighbourhood café with solid coffee and a welcoming feel
Vintage Espresso Newtown,4|Great spot for a casual morning coffee in Newtown
Hive Bar Chippendale,3|Fun and social space — good for a coffee with friends
Hive Bar Chippendale,2|Lively atmosphere that makes it less ideal for quiet study
Circa Espresso Parramatta,5|One of the best coffee options in Parramatta by a wide margin
Circa Espresso Parramatta,4|Great coffee and a lovely space that feels a cut above the rest
Parramatta Library,5|Excellent modern facility serving a large and diverse community
Parramatta Library,4|Well resourced and a great study environment in western Sydney
